timestamp,community_bus_voltage,total_export_kw,total_import_kw,network_loss_kw,grid_slack_kw,aggregate_imbalance_kw
2010-07-01 00:30:00,47.7749,0.0,4.502,0.0,4.502,4.502
2010-07-01 01:00:00,47.6451,0.0,7.098000000000001,0.0,7.098000000000001,7.098000000000001
2010-07-01 01:30:00,47.6986,0.0,6.0280000000000005,0.0,6.0280000000000005,6.0280000000000005
2010-07-01 02:00:00,47.8452,0.0,3.096,0.0,3.096,3.096
2010-07-01 02:30:00,47.8926,0.0,2.1479999999999997,0.0,2.1479999999999997,2.1479999999999997
2010-07-01 03:00:00,47.7966,0.0,4.068,0.0,4.068,4.068
2010-07-01 03:30:00,47.9035,0.0,1.9300000000000002,0.0,1.9300000000000002,1.9300000000000002
2010-07-01 04:00:00,47.8111,0.0,3.778,0.0,3.778,3.778
2010-07-01 04:30:00,47.9202,0.0,1.5959999999999999,0.0,1.5959999999999999,1.5959999999999999
2010-07-01 05:00:00,47.8052,0.0,3.896,0.0,3.896,3.896
2010-07-01 05:30:00,47.8935,0.0,2.13,0.0,2.13,2.13
2010-07-01 06:00:00,47.9043,0.0,1.914,0.0,1.914,1.914
2010-07-01 06:30:00,47.7813,0.0,4.3740000000000006,0.0,4.3740000000000006,4.3740000000000006
2010-07-01 07:00:00,47.8655,0.0,2.69,0.0,2.69,2.69
2010-07-01 07:30:00,47.67157619047619,0.0,6.56847619047619,0.0,6.56847619047619,6.56847619047619
2010-07-01 08:00:00,47.80874867724868,0.0,3.825026455026455,0.0,3.825026455026455,3.825026455026455
2010-07-01 08:30:00,47.75631111111111,0.0,4.873777777777778,0.0,4.873777777777778,4.873777777777778
2010-07-01 09:00:00,47.78138148148148,0.0,4.37237037037037,0.0,4.37237037037037,4.37237037037037
2010-07-01 09:30:00,47.95017171957672,0.0,0.9965656084656085,0.0,0.9965656084656085,0.9965656084656085
2010-07-01 10:00:00,47.984699920634924,9.523809523903637e-06,0.3060111111111108,1.9047619047807275e-07,0.3060017777777774,0.3060015873015869
2010-07-01 10:30:00,48.00000156084656,4.603174603184934e-05,1.481481481491187e-05,9.206349206369868e-07,-3.0296296296300486e-05,-3.121693121693747e-05
2010-07-01 11:00:00,47.97520976600529,7.40740740723389e-06,0.4958120873015875,1.481481481446778e-07,0.4958048280423284,0.49580467989418026
2010-07-01 11:30:00,47.91829634920635,2.222222222214576e-05,1.6340952380952383,4.444444444429152e-07,1.6340734603174605,1.6340730158730161
2010-07-01 12:00:00,47.89857142857143,0.0,2.0285714285714294,0.0,2.0285714285714294,2.0285714285714294
2010-07-01 12:30:00,47.963784814814815,1.3870296296296294,2.1113333333333335,0.027740592592592588,0.7520442962962968,0.7243037037037041
2010-07-01 13:00:00,48.026048677248674,1.6792592592592597,1.1582857142857144,0.0335851851851852,-0.48738835978836015,-0.5209735449735453
2010-07-01 13:30:00,48.07142126984127,1.967822222222222,0.5393968253968255,0.03935644444444444,-1.3890689523809518,-1.4284253968253964
2010-07-01 14:00:00,48.079773915343914,1.5954814814814817,3.1746031744495085e-06,0.031909629629629635,-1.5635686772486777,-1.5954783068783072
2010-07-01 14:30:00,48.026299470899474,0.5260079365079364,1.8518518518723104e-05,0.010520158730158729,-0.5154692592592589,-0.5259894179894177
2010-07-01 15:00:00,47.79052034391535,0.09599999999999986,4.285593121693122,0.0019199999999999972,4.191513121693122,4.189593121693122
2010-07-01 15:30:00,47.82730402116402,0.0,3.453919576719577,0.0,3.453919576719577,3.453919576719577
2010-07-01 16:00:00,47.82498616402116,4.0740740740671105e-05,3.5003174603174605,8.148148148134221e-07,3.5002775343915347,3.50027671957672
2010-07-01 16:30:00,47.806362724867725,4.814814814813051e-05,3.872793650793651,9.629629629626102e-07,3.872746465608466,3.872745502645503
2010-07-01 17:00:00,47.8412,0.0,3.176,0.0,3.176,3.176
2010-07-01 17:30:00,47.8254,0.0,3.492,0.0,3.492,3.492
2010-07-01 18:00:00,47.89520111111111,2.2222222222256782e-05,2.096,4.4444444444513567e-07,2.095978222222222,2.0959777777777777
2010-07-01 18:30:00,47.833599050000004,0.0,3.3280189999999967,0.0,3.3280189999999967,3.3280189999999967
2010-07-01 19:00:00,47.7477390375,0.0,5.04521925,0.0,5.04521925,5.04521925
2010-07-01 19:30:00,47.8174,0.0,3.652,0.0,3.652,3.652
2010-07-01 20:00:00,47.8079,0.0,3.842,0.0,3.842,3.842
2010-07-01 20:30:00,47.6806,0.0,6.388,0.0,6.388,6.388
2010-07-01 21:00:00,47.87,0.0,2.6,0.0,2.6,2.6
2010-07-01 21:30:00,47.8829,0.0,2.342,0.0,2.342,2.342
2010-07-01 22:00:00,47.8984,0.0,2.032,0.0,2.032,2.032
2010-07-01 22:30:00,47.8794,0.0,2.412,0.0,2.412,2.412
2010-07-01 23:00:00,47.9156,0.0,1.688,0.0,1.688,1.688
2010-07-01 23:30:00,47.9546,0.0,0.908,0.0,0.908,0.908
2010-07-02 00:00:00,47.8556,0.0,2.888,0.0,2.888,2.888
2010-07-02 00:30:00,47.6402,0.0,7.196000000000001,0.0,7.196000000000001,7.196000000000001
2010-07-02 01:00:00,47.6161,0.0,7.678,0.0,7.678,7.678
2010-07-02 01:30:00,47.6837,0.0,6.3260000000000005,0.0,6.3260000000000005,6.3260000000000005
2010-07-02 02:00:00,47.8452,0.0,3.096,0.0,3.096,3.096
2010-07-02 02:30:00,47.9562,0.0,0.8760000000000001,0.0,0.8760000000000001,0.8760000000000001
2010-07-02 03:00:00,47.91,0.0,1.7999999999999998,0.0,1.7999999999999998,1.7999999999999998
2010-07-02 03:30:00,47.8842,0.0,2.316,0.0,2.316,2.316
2010-07-02 04:00:00,47.9371,0.0,1.258,0.0,1.258,1.258
2010-07-02 04:30:00,47.9028,0.0,1.944,0.0,1.944,1.944
2010-07-02 05:00:00,47.9176,0.0,1.6480000000000001,0.0,1.6480000000000001,1.6480000000000001
2010-07-02 05:30:00,47.8859,0.0,2.282,0.0,2.282,2.282
2010-07-02 06:00:00,47.9702,0.0,0.596,0.0,0.596,0.596
2010-07-02 06:30:00,47.943,0.0,1.1400000000000001,0.0,1.1400000000000001,1.1400000000000001
2010-07-02 07:00:00,47.8644,0.0,2.712,0.0,2.712,2.712
2010-07-02 07:30:00,47.87827619047619,0.0,2.4344761904761905,0.0,2.4344761904761905,2.4344761904761905
2010-07-02 08:00:00,47.87360105820106,0.0,2.5279788359788364,0.0,2.5279788359788364,2.5279788359788364
2010-07-02 08:30:00,47.97095079365079,0.0,0.5809841269841269,0.0,0.5809841269841269,0.5809841269841269
2010-07-02 09:00:00,47.85053492063492,0.0,2.989301587301587,0.0,2.989301587301587,2.989301587301587
2010-07-02 09:30:00,47.74852063492064,6.938893903907228e-18,5.029587301587302,1.3877787807814457e-19,5.029587301587302,5.029587301587302
2010-07-02 10:00:00,47.81529047619048,0.0,3.6941904761904767,0.0,3.6941904761904767,3.6941904761904767
2010-07-02 10:30:00,47.72809735449736,1.1102230246251565e-16,5.43805291005291,2.220446049250313e-18,5.43805291005291,5.43805291005291
2010-07-02 11:00:00,47.75065291005291,1.1102230246251565e-16,4.9869417989418,2.220446049250313e-18,4.9869417989418,4.9869417989418
2010-07-02 11:30:00,47.62474920634921,0.0,7.505015873015873,0.0,7.505015873015873,7.505015873015873
2010-07-02 12:00:00,47.770533862433865,5.551115123125783e-17,4.589322751322752,1.1102230246251566e-18,4.589322751322752,4.589322751322752
2010-07-02 12:30:00,47.77051375661376,0.0,4.589724867724868,0.0,4.589724867724868,4.589724867724868
2010-07-02 13:00:00,47.61061317460317,0.0,7.787736507936508,0.0,7.787736507936508,7.787736507936508
2010-07-02 13:30:00,47.8146746031746,0.0,3.7065079365079363,0.0,3.7065079365079363,3.7065079365079363
2010-07-02 14:00:00,47.84367619047619,0.0,3.12647619047619,0.0,3.12647619047619,3.12647619047619
2010-07-02 14:30:00,47.81197037037037,0.0,3.7605925925925923,0.0,3.7605925925925923,3.7605925925925923
2010-07-02 15:00:00,47.85561164021164,0.0,2.887767195767196,0.0,2.887767195767196,2.887767195767196
2010-07-02 15:30:00,47.818324338624336,0.0,3.633513227513227,0.0,3.633513227513227,3.633513227513227
2010-07-02 16:00:00,47.68416825396825,0.0,6.316634920634921,0.0,6.316634920634921,6.316634920634921
2010-07-02 16:30:00,47.75272698412699,0.0,4.945460317460317,0.0,4.945460317460317,4.945460317460317
2010-07-02 17:00:00,47.80347619047619,0.0,3.9304761904761905,0.0,3.9304761904761905,3.9304761904761905
2010-07-02 17:30:00,47.7065,0.0,5.87,0.0,5.87,5.87
2010-07-02 18:00:00,47.6806,0.0,6.388,0.0,6.388,6.388
2010-07-02 18:30:00,47.7529,0.0,4.942,0.0,4.942,4.942
2010-07-02 19:00:00,47.7819,0.0,4.362,0.0,4.362,4.362
2010-07-02 19:30:00,47.7684,0.0,4.632,0.0,4.632,4.632
2010-07-02 20:00:00,47.6961,0.0,6.078,0.0,6.078,6.078
2010-07-02 20:30:00,47.641,0.0,7.18,0.0,7.18,7.18
2010-07-02 21:00:00,47.76,0.0,4.8,0.0,4.8,4.8
2010-07-02 21:30:00,47.7871,0.0,4.258,0.0,4.258,4.258
2010-07-02 22:00:00,47.8164,0.0,3.6719999999999997,0.0,3.6719999999999997,3.6719999999999997
2010-07-02 22:30:00,47.7993,0.0,4.014,0.0,4.014,4.014
2010-07-02 23:00:00,47.8245,0.0,3.51,0.0,3.51,3.51
2010-07-02 23:30:00,47.8271,0.0,3.458,0.0,3.458,3.458
2010-07-03 00:00:00,47.7185,0.0,5.63,0.0,5.63,5.63
2010-07-03 00:30:00,47.4901,0.0,10.198,0.0,10.198,10.198
2010-07-03 01:00:00,47.6151,0.0,7.698,0.0,7.698,7.698
2010-07-03 01:30:00,47.7745,0.0,4.51,0.0,4.51,4.51
2010-07-03 02:00:00,47.8002,0.0,3.996,0.0,3.996,3.996
2010-07-03 02:30:00,47.9049,0.0,1.902,0.0,1.902,1.902
2010-07-03 03:00:00,47.8188,0.0,3.6239999999999997,0.0,3.6239999999999997,3.6239999999999997
2010-07-03 03:30:00,47.85521111111111,0.0,2.8957777777777776,0.0,2.8957777777777776,2.8957777777777776
2010-07-03 04:00:00,47.9663,0.0,0.674,0.0,0.674,0.674
2010-07-03 04:30:00,47.8472,0.0,3.056,0.0,3.056,3.056
2010-07-03 05:00:00,47.8781,0.0,2.438,0.0,2.438,2.438
2010-07-03 05:30:00,47.9771,0.0,0.45799999999999996,0.0,0.45799999999999996,0.45799999999999996
2010-07-03 06:00:00,47.8882,0.0,2.2359999999999998,0.0,2.2359999999999998,2.2359999999999998
2010-07-03 06:30:00,47.8902,0.0,2.1959999999999997,0.0,2.1959999999999997,2.1959999999999997
2010-07-03 07:00:00,47.9722,0.0,0.556,0.0,0.556,0.556
2010-07-03 07:30:00,47.822631746031746,0.0,3.5473650793650795,0.0,3.5473650793650795,3.5473650793650795
2010-07-03 08:00:00,47.762262962962964,0.0,4.754740740740741,0.0,4.754740740740741,4.754740740740741
2010-07-03 08:30:00,47.79325714285714,0.0,4.134857142857143,0.0,4.134857142857143,4.134857142857143
2010-07-03 09:00:00,47.88921005291005,0.0,2.215798941798942,0.0,2.215798941798942,2.215798941798942
2010-07-03 09:30:00,47.89813235978836,7.936507936623372e-06,2.0373607407407412,1.5873015873246744e-07,2.0373529629629634,2.0373528042328046
2010-07-03 10:00:00,47.82183261904762,0.0,3.5633476190476188,0.0,3.5633476190476188,3.5633476190476188
2010-07-03 10:30:00,47.909361005291004,3.492063492063768e-05,1.8128148148148147,6.984126984127537e-07,1.8127805925925924,1.812779894179894
2010-07-03 11:00:00,48.00089714285714,0.018000000000000238,5.714285714297773e-05,0.0003600000000000048,-0.017582857142857254,-0.01794285714285726
2010-07-03 11:30:00,48.00110079365079,0.022044444444444755,2.8571428571377844e-05,0.0004408888888888951,-0.021574984126984484,-0.022015873015873377
2010-07-03 12:00:00,48.00270404761905,0.05408095238095223,0.0,0.0010816190476190446,-0.05299933333333318,-0.05408095238095223
2010-07-03 12:30:00,48.02797777777778,0.5595999999999999,4.4444444444513564e-05,0.011191999999999997,-0.5483635555555554,-0.5595555555555554
2010-07-03 13:00:00,47.978672275132276,1.854038095238095,2.2805925925925923,0.0370807619047619,0.4636352592592592,0.42655449735449724
2010-07-03 13:30:00,48.08519761904762,1.7039999999999997,4.7619047618630006e-05,0.03407999999999999,-1.6698723809523812,-1.703952380952381
2010-07-03 14:00:00,48.09227685185185,1.8455555555555558,1.8518518518861882e-05,0.03691111111111112,-1.8086259259259259,-1.845537037037037
2010-07-03 14:30:00,48.07032687830688,1.4065375661375663,0.0,0.028130751322751328,-1.378406814814815,-1.4065375661375663
2010-07-03 15:00:00,48.04910076719577,0.9820412698412698,2.5925925926095772e-05,0.019640825396825396,-0.9623745185185183,-0.9820153439153437
2010-07-03 15:30:00,48.03515907407407,0.7032259259259258,4.4444444444513564e-05,0.014064518518518516,-0.6891169629629628,-0.7031814814814813
2010-07-03 16:00:00,47.92618984126984,0.2380190476190478,1.7142222222222223,0.004760380952380956,1.4809635555555554,1.4762031746031745
2010-07-03 16:30:00,47.8356305026455,1.746031746033272e-05,3.2874074074074073,3.492063492066544e-07,3.287390296296296,3.287389947089947
2010-07-03 17:00:00,48.00000119047619,2.380952380964807e-05,0.0,4.761904761929614e-07,-2.333333333345511e-05,-2.380952380964807e-05
2010-07-03 17:30:00,47.892939725,0.0,2.141205499999997,0.0,2.141205499999997,2.141205499999997
2010-07-03 18:00:00,47.9009,0.0,1.982,0.0,1.982,1.982
2010-07-03 18:30:00,47.8892,0.0,2.216,0.0,2.216,2.216
2010-07-03 19:00:00,47.8896,0.0,2.208,0.0,2.208,2.208
2010-07-03 19:30:00,47.9559,0.0,0.882,0.0,0.882,0.882
2010-07-03 20:00:00,47.9613,0.0,0.774,0.0,0.774,0.774
2010-07-03 20:30:00,47.9501,0.0,0.9980000000000002,0.0,0.9980000000000002,0.9980000000000002
2010-07-03 21:00:00,47.9218,0.0,1.564,0.0,1.564,1.564
2010-07-03 21:30:00,47.8611988125,0.0,2.7760237499999976,0.0,2.7760237499999976,2.7760237499999976
2010-07-03 22:00:00,47.8144,0.0,3.712,0.0,3.712,3.712
2010-07-03 22:30:00,47.837,0.0,3.26,0.0,3.26,3.26
2010-07-03 23:00:00,47.8317,0.0,3.366,0.0,3.366,3.366
2010-07-03 23:30:00,47.817,0.0,3.66,0.0,3.66,3.66
2010-07-04 00:00:00,47.776,0.0,4.48,0.0,4.48,4.48
2010-07-04 00:30:00,47.61349905,0.0,7.730018999999997,0.0,7.730018999999997,7.730018999999997
2010-07-04 01:00:00,47.6152,0.0,7.696,0.0,7.696,7.696
2010-07-04 01:30:00,47.8418,0.0,3.164,0.0,3.164,3.164
2010-07-04 02:00:00,47.8403,0.0,3.194,0.0,3.194,3.194
2010-07-04 02:30:00,47.964,0.0,0.72,0.0,0.72,0.72
2010-07-04 03:00:00,47.85,0.0,2.9999999999999996,0.0,2.9999999999999996,2.9999999999999996
2010-07-04 03:30:00,47.956,0.0,0.8800000000000001,0.0,0.8800000000000001,0.8800000000000001
2010-07-04 04:00:00,47.8879,0.0,2.242,0.0,2.242,2.242
2010-07-04 04:30:00,47.9093,0.0,1.814,0.0,1.814,1.814
2010-07-04 05:00:00,47.8641,0.0,2.718,0.0,2.718,2.718
2010-07-04 05:30:00,47.9603,0.0,0.794,0.0,0.794,0.794
2010-07-04 06:00:00,47.9746,0.0,0.508,0.0,0.508,0.508
2010-07-04 06:30:00,47.9354,0.0,1.292,0.0,1.292,1.292
2010-07-04 07:00:00,47.9722,0.0,0.556,0.0,0.556,0.556
2010-07-04 07:30:00,47.9028,0.0,1.944,0.0,1.944,1.944
2010-07-04 08:00:00,47.784691534391534,0.0,4.306169312169312,0.0,4.306169312169312,4.306169312169312
2010-07-04 08:30:00,47.7495417989418,0.0,5.009164021164022,0.0,5.009164021164022,5.009164021164022
2010-07-04 09:00:00,47.66117619047619,2.7755575615628914e-17,6.77647619047619,5.551115123125783e-19,6.77647619047619,6.77647619047619
2010-07-04 09:30:00,47.87246084656085,3.174603174602858e-05,2.5508148148148146,6.349206349205717e-07,2.5507837037037033,2.5507830687830686
2010-07-04 10:00:00,47.8611141005291,0.0,2.7777179894179898,0.0,2.7777179894179898,2.7777179894179898
2010-07-04 10:30:00,47.89640558201058,0.0,2.0718883597883595,0.0,2.0718883597883595,2.0718883597883595
2010-07-04 11:00:00,47.910814497354494,0.0,1.783710052910053,0.0,1.783710052910053,1.783710052910053
2010-07-04 11:30:00,47.79421925925926,0.0,4.1156148148148155,0.0,4.1156148148148155,4.1156148148148155
2010-07-04 12:00:00,47.88275343915344,0.0,2.3449312169312164,0.0,2.3449312169312164,2.3449312169312164
2010-07-04 12:30:00,47.9454873015873,0.0,1.0902539682539685,0.0,1.0902539682539685,1.0902539682539685
2010-07-04 13:00:00,48.00000087301587,4.4444444444513564e-05,2.69841269839588e-05,8.888888888902713e-07,-1.6571428571664493e-05,-1.7460317460554764e-05
2010-07-04 13:30:00,48.00797791005291,0.15960000000000002,4.179894179912047e-05,0.0031920000000000004,-0.1563662010582009,-0.1595582010582009
2010-07-04 14:00:00,48.04140119047619,0.8280238095238094,0.0,0.016560476190476188,-0.8114633333333332,-0.8280238095238094
2010-07-04 14:30:00,48.06129968253968,1.226011111111111,1.7460317460471497e-05,0.02452022222222222,-1.2014734285714281,-1.2259936507936504
2010-07-04 15:00:00,47.980284434391535,0.6320481481481482,1.0263594603174602,0.012640962962962965,0.40695227513227494,0.3943113121693119
2010-07-04 15:30:00,47.695727142857145,0.536,6.6214571428571425,0.01072,6.096177142857142,6.085457142857143
2010-07-04 16:00:00,47.70352380952381,0.264,6.19352380952381,0.00528,5.934803809523809,5.929523809523809
2010-07-04 16:30:00,47.78683439153439,0.0,4.26331216931217,0.0,4.26331216931217,4.26331216931217
2010-07-04 17:00:00,47.81377619047619,0.0,3.7244761904761905,0.0,3.7244761904761905,3.7244761904761905
2010-07-04 17:30:00,47.6727,0.0,6.545999999999999,0.0,6.545999999999999,6.545999999999999
2010-07-04 18:00:00,47.60559905,0.0,7.888019,0.0,7.888019,7.888019
2010-07-04 18:30:00,47.5832,0.0,8.336,0.0,8.336,8.336
2010-07-04 19:00:00,47.7067,0.0,5.8660000000000005,0.0,5.8660000000000005,5.8660000000000005
2010-07-04 19:30:00,47.7578,0.0,4.844,0.0,4.844,4.844
2010-07-04 20:00:00,47.7727,0.0,4.546,0.0,4.546,4.546
2010-07-04 20:30:00,47.6115,0.0,7.7700000000000005,0.0,7.7700000000000005,7.7700000000000005
2010-07-04 21:00:00,47.6748,0.0,6.504,0.0,6.504,6.504
2010-07-04 21:30:00,47.7868,0.0,4.264,0.0,4.264,4.264
2010-07-04 22:00:00,47.8046,0.0,3.908,0.0,3.908,3.908
2010-07-04 22:30:00,47.837,0.0,3.26,0.0,3.26,3.26
2010-07-04 23:00:00,47.8314,0.0,3.3720000000000003,0.0,3.3720000000000003,3.3720000000000003
2010-07-04 23:30:00,47.8059,0.0,3.882,0.0,3.882,3.882
2010-07-05 00:00:00,47.8089,0.0,3.822,0.0,3.822,3.822
2010-07-05 00:30:00,47.6106,0.0,7.788,0.0,7.788,7.788
2010-07-05 01:00:00,47.5893,0.0,8.214,0.0,8.214,8.214
2010-07-05 01:30:00,47.7915,0.0,4.17,0.0,4.17,4.17
2010-07-05 02:00:00,47.8375,0.0,3.2499999999999996,0.0,3.2499999999999996,3.2499999999999996
2010-07-05 02:30:00,47.9579,0.0,0.842,0.0,0.842,0.842
2010-07-05 03:00:00,47.8485,0.0,3.03,0.0,3.03,3.03
2010-07-05 03:30:00,47.9221,0.0,1.558,0.0,1.558,1.558
2010-07-05 04:00:00,47.954,0.0,0.92,0.0,0.92,0.92
2010-07-05 04:30:00,47.845,0.0,3.1,0.0,3.1,3.1
2010-07-05 05:00:00,47.8718,0.0,2.564,0.0,2.564,2.564
2010-07-05 05:30:00,47.9585,0.0,0.83,0.0,0.83,0.83
2010-07-05 06:00:00,47.9376,0.0,1.248,0.0,1.248,1.248
2010-07-05 06:30:00,47.9572,0.0,0.856,0.0,0.856,0.856
2010-07-05 07:00:00,47.9597,0.0,0.806,0.0,0.806,0.806
2010-07-05 07:30:00,47.8971873015873,0.0,2.0562539682539684,0.0,2.0562539682539684,2.0562539682539684
2010-07-05 08:00:00,47.82450582010582,0.0,3.5098835978835976,0.0,3.5098835978835976,3.5098835978835976
2010-07-05 08:30:00,47.60840687830688,0.0,7.831862433862434,0.0,7.831862433862434,7.831862433862434
2010-07-05 09:00:00,47.7613037037037,0.0,4.773925925925926,0.0,4.773925925925926,4.773925925925926
2010-07-05 09:30:00,47.7868582010582,0.0,4.262835978835979,0.0,4.262835978835979,4.262835978835979
2010-07-05 10:00:00,47.81357619047619,0.0,3.728476190476191,0.0,3.728476190476191,3.728476190476191
2010-07-05 10:30:00,47.80857013227513,0.0,3.8285973544973544,0.0,3.8285973544973544,3.8285973544973544
2010-07-05 11:00:00,47.82936108128307,0.0,3.4127783743386244,0.0,3.4127783743386244,3.4127783743386244
2010-07-05 11:30:00,47.76664497354497,0.0,4.667100529100529,0.0,4.667100529100529,4.667100529100529
2010-07-05 12:00:00,47.7826873015873,5.551115123125783e-17,4.3462539682539685,1.1102230246251566e-18,4.3462539682539685,4.3462539682539685
2010-07-05 12:30:00,47.7881126984127,0.0,4.237746031746031,0.0,4.237746031746031,4.237746031746031
2010-07-05 13:00:00,47.8420835978836,2.7755575615628914e-17,3.158328042328043,5.551115123125783e-19,3.158328042328043,3.158328042328043
2010-07-05 13:30:00,47.85655661375662,1.1102230246251565e-16,2.868867724867725,2.220446049250313e-18,2.868867724867725,2.868867724867725
2010-07-05 14:00:00,47.78273805952381,0.0,4.345238809523809,0.0,4.345238809523809,4.345238809523809
2010-07-05 14:30:00,47.55766825396825,0.0,8.84663492063492,0.0,8.84663492063492,8.84663492063492
2010-07-05 15:00:00,47.76220687830688,0.0,4.7558624338624345,0.0,4.7558624338624345,4.7558624338624345
2010-07-05 15:30:00,47.81584973544974,0.0,3.6830052910052915,0.0,3.6830052910052915,3.6830052910052915
2010-07-05 16:00:00,47.804600529100526,0.0,3.907989417989418,0.0,3.907989417989418,3.907989417989418
2010-07-05 16:30:00,47.77911534391534,0.0,4.417693121693122,0.0,4.417693121693122,4.417693121693122
2010-07-05 17:00:00,47.86147619047619,0.0,2.7704761904761903,0.0,2.7704761904761903,2.7704761904761903
2010-07-05 17:30:00,47.7846,0.0,4.308,0.0,4.308,4.308
2010-07-05 18:00:00,47.6807,0.0,6.386,0.0,6.386,6.386
2010-07-05 18:30:00,47.7242,0.0,5.516,0.0,5.516,5.516
2010-07-05 19:00:00,47.8388,0.0,3.224,0.0,3.224,3.224
2010-07-05 19:30:00,47.8675,0.0,2.65,0.0,2.65,2.65
2010-07-05 20:00:00,47.8716,0.0,2.568,0.0,2.568,2.568
2010-07-05 20:30:00,47.7127,0.0,5.7459999999999996,0.0,5.7459999999999996,5.7459999999999996
2010-07-05 21:00:00,47.7415,0.0,5.17,0.0,5.17,5.17
2010-07-05 21:30:00,47.8696,0.0,2.608,0.0,2.608,2.608
2010-07-05 22:00:00,47.9482,0.0,1.036,0.0,1.036,1.036
2010-07-05 22:30:00,47.9575,0.0,0.85,0.0,0.85,0.85
2010-07-05 23:00:00,47.9462,0.0,1.076,0.0,1.076,1.076
2010-07-05 23:30:00,47.8495,0.0,3.0100000000000002,0.0,3.0100000000000002,3.0100000000000002
2010-07-06 00:00:00,47.7288,0.0,5.4239999999999995,0.0,5.4239999999999995,5.4239999999999995
2010-07-06 00:30:00,47.6033,0.0,7.934,0.0,7.934,7.934
2010-07-06 01:00:00,47.8036,0.0,3.9280000000000004,0.0,3.9280000000000004,3.9280000000000004
2010-07-06 01:30:00,47.7981,0.0,4.038,0.0,4.038,4.038
2010-07-06 02:00:00,47.7869,0.0,4.2620000000000005,0.0,4.2620000000000005,4.2620000000000005
2010-07-06 02:30:00,47.7745,0.0,4.51,0.0,4.51,4.51
2010-07-06 03:00:00,47.8053,0.0,3.8939999999999997,0.0,3.8939999999999997,3.8939999999999997
2010-07-06 03:30:00,47.8013,0.0,3.974,0.0,3.974,3.974
2010-07-06 04:00:00,47.867,0.0,2.6599999999999997,0.0,2.6599999999999997,2.6599999999999997
2010-07-06 04:30:00,47.8827,0.0,2.346,0.0,2.346,2.346
2010-07-06 05:00:00,47.867,0.0,2.66,0.0,2.66,2.66
2010-07-06 05:30:00,47.9173,0.0,1.654,0.0,1.654,1.654
2010-07-06 06:00:00,47.8437,0.0,3.126,0.0,3.126,3.126
2010-07-06 06:30:00,47.7245,0.0,5.51,0.0,5.51,5.51
2010-07-06 07:00:00,47.7854,0.0,4.292,0.0,4.292,4.292
2010-07-06 07:30:00,47.77831111111111,0.0,4.433777777777777,0.0,4.433777777777777,4.433777777777777
2010-07-06 08:00:00,47.724292063492065,0.0,5.51415873015873,0.0,5.51415873015873,5.51415873015873
2010-07-06 08:30:00,47.816339682539684,0.0,3.673206349206349,0.0,3.673206349206349,3.673206349206349
2010-07-06 09:00:00,47.846708465608465,0.0,3.065830687830688,0.0,3.065830687830688,3.065830687830688
2010-07-06 09:30:00,47.86749134920635,4.920634920636824e-05,2.6502222222222223,9.841269841273648e-07,2.650174,2.650173015873016
2010-07-06 10:00:00,47.842221639351855,5.551115123125783e-17,3.155567212962963,1.1102230246251566e-18,3.155567212962963,3.155567212962963
2010-07-06 10:30:00,47.86931693121693,0.0,2.613661375661376,0.0,2.613661375661376,2.613661375661376
2010-07-06 11:00:00,47.800924134920635,0.0,3.9815173015873015,0.0,3.9815173015873015,3.9815173015873015
2010-07-06 11:30:00,47.72052592592593,0.0,5.5894814814814815,0.0,5.5894814814814815,5.5894814814814815
2010-07-06 12:00:00,47.90656507936508,0.0,1.8686984126984127,0.0,1.8686984126984127,1.8686984126984127
2010-07-06 12:30:00,47.98766674603175,3.333333333327415e-05,0.24669841269841286,6.666666666654831e-07,0.24666574603174626,0.2466650793650796
2010-07-06 13:00:00,47.96932373015873,0.0,0.6135253968253966,0.0,0.6135253968253966,0.6135253968253966
2010-07-06 13:30:00,47.96700044973545,4.0740740740674575e-05,0.6600317460317457,8.148148148134915e-07,0.6599918201058199,0.6599910052910051
2010-07-06 14:00:00,48.00000111111111,3.3333333333190884e-05,1.1111111111017369e-05,6.666666666638177e-07,-2.1555555555509697e-05,-2.2222222222173516e-05
2010-07-06 14:30:00,47.9566900093254,1.111111111107288e-05,0.8662109246031747,2.222222222214576e-07,0.8662000357142858,0.8661998134920637
2010-07-06 15:00:00,47.91512669312169,2.5925925925762705e-05,1.6974920634920636,5.185185185152541e-07,1.6974666560846563,1.697466137566138
2010-07-06 15:30:00,47.814733677248675,0.1896259259259258,3.894952380952381,0.0037925185185185162,3.7091189735449737,3.7053264550264555
2010-07-06 16:00:00,47.82658653439153,0.3180481481481481,3.7863174603174605,0.0063609629629629615,3.4746302751322755,3.4682693121693124
2010-07-06 16:30:00,47.81533026455026,2.220446049250313e-16,3.6933947089947092,4.440892098500626e-18,3.6933947089947092,3.693394708994709
2010-07-06 17:00:00,47.8768,0.0,2.464,0.0,2.464,2.464
2010-07-06 17:30:00,47.7545,0.0,4.91,0.0,4.91,4.91
2010-07-06 18:00:00,47.7393,0.0,5.214,0.0,5.214,5.214
2010-07-06 18:30:00,47.65706905,0.0,6.858618999999999,0.0,6.858618999999999,6.858618999999999
2010-07-06 19:00:00,47.6732,0.0,6.5360000000000005,0.0,6.5360000000000005,6.5360000000000005
2010-07-06 19:30:00,47.7059,0.0,5.882000000000001,0.0,5.882000000000001,5.882000000000001
2010-07-06 20:00:00,47.7533,0.0,4.934,0.0,4.934,4.934
2010-07-06 20:30:00,47.6605,0.0,6.79,0.0,6.79,6.79
2010-07-06 21:00:00,47.8535,0.0,2.93,0.0,2.93,2.93
2010-07-06 21:30:00,47.8589,0.0,2.822,0.0,2.822,2.822
2010-07-06 22:00:00,47.8478,0.0,3.044,0.0,3.044,3.044
2010-07-06 22:30:00,47.8856,0.0,2.288,0.0,2.288,2.288
2010-07-06 23:00:00,47.8781,0.0,2.4379999999999997,0.0,2.4379999999999997,2.4379999999999997
2010-07-06 23:30:00,47.8563,0.0,2.874,0.0,2.874,2.874
2010-07-07 00:00:00,47.7835,0.0,4.33,0.0,4.33,4.33
2010-07-07 00:30:00,47.632511111111114,0.0,7.349777777777779,0.0,7.349777777777779,7.349777777777779
2010-07-07 01:00:00,47.8031,0.0,3.938,0.0,3.938,3.938
2010-07-07 01:30:00,47.7925,0.0,4.1499999999999995,0.0,4.1499999999999995,4.1499999999999995
2010-07-07 02:00:00,47.7808,0.0,4.384,0.0,4.384,4.384
2010-07-07 02:30:00,47.7968,0.0,4.064,0.0,4.064,4.064
2010-07-07 03:00:00,47.8377,0.0,3.246,0.0,3.246,3.246
2010-07-07 03:30:00,47.9281,0.0,1.438,0.0,1.438,1.438
2010-07-07 04:00:00,47.8081,0.0,3.838,0.0,3.838,3.838
2010-07-07 04:30:00,47.8937,0.0,2.126,0.0,2.126,2.126
2010-07-07 05:00:00,47.9411,0.0,1.178,0.0,1.178,1.178
2010-07-07 05:30:00,47.9316,0.0,1.3679999999999999,0.0,1.3679999999999999,1.3679999999999999
2010-07-07 06:00:00,47.8586,0.0,2.8280000000000003,0.0,2.8280000000000003,2.8280000000000003
2010-07-07 06:30:00,47.95,0.0,1.0,0.0,1.0,1.0
2010-07-07 07:00:00,47.9477,0.0,1.046,0.0,1.046,1.046
2010-07-07 07:30:00,47.9506,0.0,0.988,0.0,0.988,0.988
2010-07-07 08:00:00,47.83492962962963,0.0,3.3014074074074076,0.0,3.3014074074074076,3.3014074074074076
2010-07-07 08:30:00,47.7134,0.0,5.732,0.0,5.732,5.732
2010-07-07 09:00:00,47.83714074074074,0.0,3.257185185185185,0.0,3.257185185185185,3.257185185185185
2010-07-07 09:30:00,47.77051322751323,0.0,4.58973544973545,0.0,4.58973544973545,4.58973544973545
2010-07-07 10:00:00,47.856878809523806,2.0634920634976517e-05,2.862444444444445,4.1269841269953036e-07,2.8624242222222227,2.86242380952381
2010-07-07 10:30:00,47.94496880952381,4.2857142857066766e-05,1.1006666666666667,8.571428571413353e-07,1.1006246666666668,1.1006238095238097
2010-07-07 11:00:00,47.99659748677249,0.0,0.06805026455026486,0.0,0.06805026455026486,0.06805026455026486
2010-07-07 11:30:00,47.98790116402117,4.920634920640987e-05,0.24202592592592592,9.841269841281975e-07,0.24197770370370364,0.2419767195767195
2010-07-07 12:00:00,48.00000111111111,3.333333333346844e-05,1.1111111111128391e-05,6.666666666693688e-07,-2.155555555567068e-05,-2.222222222234005e-05
2010-07-07 12:30:00,48.000001243386244,4.07407407407856e-05,1.587301587308021e-05,8.14814814815712e-07,-2.4052910052889674e-05,-2.4867724867705387e-05
2010-07-07 13:00:00,47.92829016924603,0.0,1.4341966150793655,0.0,1.4341966150793655,1.4341966150793655
2010-07-07 13:30:00,47.7178214021164,5.551115123125783e-17,5.643571957671957,1.1102230246251566e-18,5.643571957671957,5.643571957671957
2010-07-07 14:00:00,47.75231535846561,0.0,4.953692830687832,0.0,4.953692830687832,4.953692830687832
2010-07-07 14:30:00,47.79964656084656,0.0,4.0070687830687834,0.0,4.0070687830687834,4.0070687830687834
2010-07-07 15:00:00,47.80498201058201,0.0,3.9003597883597885,0.0,3.9003597883597885,3.9003597883597885
2010-07-07 15:30:00,47.862268783068785,0.0,2.754624338624339,0.0,2.754624338624339,2.754624338624339
2010-07-07 16:00:00,47.87543121693122,0.0,2.4913756613756615,0.0,2.4913756613756615,2.4913756613756615
2010-07-07 16:30:00,47.86163597883598,0.0,2.767280423280423,0.0,2.767280423280423,2.767280423280423
2010-07-07 17:00:00,47.87537619047619,0.0,2.4924761904761903,0.0,2.4924761904761903,2.4924761904761903
2010-07-07 17:30:00,47.8116,0.0,3.768,0.0,3.768,3.768
2010-07-07 18:00:00,47.8229,0.0,3.542,0.0,3.542,3.542
2010-07-07 18:30:00,47.8681,0.0,2.638,0.0,2.638,2.638
2010-07-07 19:00:00,47.8616,0.0,2.7680000000000002,0.0,2.7680000000000002,2.7680000000000002
2010-07-07 19:30:00,47.8011,0.0,3.9779999999999998,0.0,3.9779999999999998,3.9779999999999998
2010-07-07 20:00:00,47.8577,0.0,2.846,0.0,2.846,2.846
2010-07-07 20:30:00,47.8217,0.0,3.566,0.0,3.566,3.566
2010-07-07 21:00:00,47.7243,0.0,5.514,0.0,5.514,5.514
2010-07-07 21:30:00,47.8989,0.0,2.0220000000000002,0.0,2.0220000000000002,2.0220000000000002
2010-07-07 22:00:00,47.8888,0.0,2.224,0.0,2.224,2.224
2010-07-07 22:30:00,47.89521111111111,0.0,2.0957777777777777,0.0,2.0957777777777777,2.0957777777777777
2010-07-07 23:00:00,47.9171,0.0,1.658,0.0,1.658,1.658
2010-07-07 23:30:00,47.9102,0.0,1.7959999999999998,0.0,1.7959999999999998,1.7959999999999998
2010-07-08 00:00:00,47.8035,0.0,3.9299999999999997,0.0,3.9299999999999997,3.9299999999999997
2010-07-08 00:30:00,47.5701,0.0,8.597999999999999,0.0,8.597999999999999,8.597999999999999
2010-07-08 01:00:00,47.6669,0.0,6.662,0.0,6.662,6.662
2010-07-08 01:30:00,47.9005,0.0,1.99,0.0,1.99,1.99
2010-07-08 02:00:00,47.8608,0.0,2.784,0.0,2.784,2.784
2010-07-08 02:30:00,47.8615,0.0,2.77,0.0,2.77,2.77
2010-07-08 03:00:00,47.907,0.0,1.8599999999999999,0.0,1.8599999999999999,1.8599999999999999
2010-07-08 03:30:00,47.9363,0.0,1.274,0.0,1.274,1.274
2010-07-08 04:00:00,47.8711,0.0,2.578,0.0,2.578,2.578
2010-07-08 04:30:00,47.797,0.0,4.0600000000000005,0.0,4.0600000000000005,4.0600000000000005
2010-07-08 05:00:00,47.9342,0.0,1.316,0.0,1.316,1.316
2010-07-08 05:30:00,47.9072,0.0,1.856,0.0,1.856,1.856
2010-07-08 06:00:00,47.9238,0.0,1.524,0.0,1.524,1.524
2010-07-08 06:30:00,47.9261,0.0,1.478,0.0,1.478,1.478
2010-07-08 07:00:00,47.9246,0.0,1.508,0.0,1.508,1.508
2010-07-08 07:30:00,47.8546,0.0,2.908,0.0,2.908,2.908
2010-07-08 08:00:00,47.85309206349206,0.0,2.9381587301587304,0.0,2.9381587301587304,2.9381587301587304
2010-07-08 08:30:00,47.94156677248677,0.0,1.1686645502645505,0.0,1.1686645502645505,1.1686645502645505
2010-07-08 09:00:00,47.93012671957672,0.0,1.3974656084656085,0.0,1.3974656084656085,1.3974656084656085
2010-07-08 09:30:00,47.675389160846564,0.0,6.492216783068782,0.0,6.492216783068782,6.492216783068782
2010-07-08 10:00:00,47.77000634920635,0.0,4.599873015873016,0.0,4.599873015873016,4.599873015873016
2010-07-08 10:30:00,47.749363492063495,0.0,5.012730158730159,0.0,5.012730158730159,5.012730158730159
2010-07-08 11:00:00,47.67064867724868,0.0,6.587026455026455,0.0,6.587026455026455,6.587026455026455
2010-07-08 11:30:00,47.756508994708994,1.1102230246251565e-16,4.869820105820105,2.220446049250313e-18,4.869820105820105,4.869820105820105
2010-07-08 12:00:00,47.8574253968254,0.0,2.8514920634920635,0.0,2.8514920634920635,2.8514920634920635
2010-07-08 12:30:00,47.853643227513224,7.407407407455935e-06,2.927142857142857,1.481481481491187e-07,2.9271355978835976,2.9271354497354496
2010-07-08 13:00:00,47.8256067989418,4.0740740740760444e-05,3.487904761904762,8.148148148152089e-07,3.487864835978836,3.4878640211640213
2010-07-08 13:30:00,47.893865185185184,0.0,2.122696296296296,0.0,2.122696296296296,2.122696296296296
2010-07-08 14:00:00,47.75219476190476,1.746031746058252e-05,4.9561222222222225,3.492063492116504e-07,4.956105111111111,4.956104761904762
2010-07-08 14:30:00,47.8027126984127,0.0,3.9457460317460322,0.0,3.9457460317460322,3.9457460317460322
2010-07-08 15:00:00,47.79666878306878,1.1102230246251565e-16,4.066624338624338,2.220446049250313e-18,4.066624338624338,4.066624338624338
2010-07-08 15:30:00,47.783013997354495,0.0,4.339720052910054,0.0,4.339720052910054,4.339720052910054
2010-07-08 16:00:00,47.74119470899471,0.0,5.176105820105819,0.0,5.176105820105819,5.176105820105819
2010-07-08 16:30:00,47.78012328042328,0.0,4.397534391534392,0.0,4.397534391534392,4.397534391534392
2010-07-08 17:00:00,47.8578,0.0,2.844,0.0,2.844,2.844
2010-07-08 17:30:00,47.7742,0.0,4.516,0.0,4.516,4.516
2010-07-08 18:00:00,47.7402,0.0,5.196,0.0,5.196,5.196
2010-07-08 18:30:00,47.8171,0.0,3.658,0.0,3.658,3.658
2010-07-08 19:00:00,47.8467,0.0,3.066,0.0,3.066,3.066
2010-07-08 19:30:00,47.8255,0.0,3.49,0.0,3.49,3.49
2010-07-08 20:00:00,47.8845,0.0,2.31,0.0,2.31,2.31
2010-07-08 20:30:00,47.6567,0.0,6.866,0.0,6.866,6.866
2010-07-08 21:00:00,47.6987,0.0,6.026,0.0,6.026,6.026
2010-07-08 21:30:00,47.8866,0.0,2.268,0.0,2.268,2.268
2010-07-08 22:00:00,47.8797,0.0,2.4059999999999997,0.0,2.4059999999999997,2.4059999999999997
2010-07-08 22:30:00,47.84921111111111,0.0,3.0157777777777777,0.0,3.0157777777777777,3.0157777777777777
2010-07-08 23:00:00,47.8788,0.0,2.424,0.0,2.424,2.424
2010-07-08 23:30:00,47.9058,0.0,1.884,0.0,1.884,1.884
2010-07-09 00:00:00,47.81,0.0,3.8,0.0,3.8,3.8
2010-07-09 00:30:00,47.5908,0.0,8.184000000000001,0.0,8.184000000000001,8.184000000000001
2010-07-09 01:00:00,47.593,0.0,8.14,0.0,8.14,8.14
2010-07-09 01:30:00,47.6193,0.0,7.614,0.0,7.614,7.614
2010-07-09 02:00:00,47.8739,0.0,2.5220000000000002,0.0,2.5220000000000002,2.5220000000000002
2010-07-09 02:30:00,47.8672,0.0,2.6559999999999997,0.0,2.6559999999999997,2.6559999999999997
2010-07-09 03:00:00,47.8247,0.0,3.506,0.0,3.506,3.506
2010-07-09 03:30:00,47.9182,0.0,1.636,0.0,1.636,1.636
2010-07-09 04:00:00,47.8695,0.0,2.61,0.0,2.61,2.61
2010-07-09 04:30:00,47.7745,0.0,4.51,0.0,4.51,4.51
2010-07-09 05:00:00,47.874,0.0,2.52,0.0,2.52,2.52
2010-07-09 05:30:00,47.9186,0.0,1.6280000000000001,0.0,1.6280000000000001,1.6280000000000001
2010-07-09 06:00:00,47.9312,0.0,1.376,0.0,1.376,1.376
2010-07-09 06:30:00,47.9018,0.0,1.964,0.0,1.964,1.964
2010-07-09 07:00:00,47.9353,0.0,1.294,0.0,1.294,1.294
2010-07-09 07:30:00,47.86727619047619,0.0,2.6544761904761907,0.0,2.6544761904761907,2.6544761904761907
2010-07-09 08:00:00,47.78510317460317,0.0,4.297936507936508,0.0,4.297936507936508,4.297936507936508
2010-07-09 08:30:00,47.72114708994709,0.0,5.577058201058201,0.0,5.577058201058201,5.577058201058201
2010-07-09 09:00:00,47.84703386243386,0.0,3.0593227513227514,0.0,3.0593227513227514,3.0593227513227514
2010-07-09 09:30:00,47.96697113756614,2.5925925925818216e-05,0.6606031746031745,5.185185185163643e-07,0.6605777671957672,0.6605772486772488
2010-07-09 10:00:00,47.91293886243386,0.0,1.7412227513227512,0.0,1.7412227513227512,1.7412227513227512
2010-07-09 10:30:00,47.980100264550266,4.814814814818602e-05,0.39804285714285714,9.629629629637205e-07,0.39799567195767194,0.39799470899470896
2010-07-09 11:00:00,47.99999968253968,1.1111111111128391e-05,1.746031746052701e-05,2.2222222222256783e-07,6.571428571621185e-06,6.349206349398617e-06
2010-07-09 11:30:00,47.99999791005291,6.349206349391678e-06,4.814814814824153e-05,1.2698412698783357e-07,4.192592592583769e-05,4.1798941798849854e-05
2010-07-09 12:00:00,48.00000044973545,1.2698412698547434e-05,3.703703703825112e-06,2.539682539709487e-07,-8.740740740751373e-06,-8.994708994722322e-06
2010-07-09 12:30:00,48.00000071428571,1.4285714285709739e-05,0.0,2.857142857141948e-07,-1.3999999999995544e-05,-1.4285714285709739e-05
2010-07-09 13:00:00,47.99999746031746,7.632783294297951e-17,5.0793650793648504e-05,1.5265566588595903e-18,5.07936507935737e-05,5.0793650793572176e-05
2010-07-09 13:30:00,48.000002433862434,4.867724867721815e-05,2.7755575615628914e-17,9.73544973544363e-07,-4.770370370364603e-05,-4.8677248677190393e-05
2010-07-09 14:00:00,47.999996851851854,0.0,6.29629629631534e-05,0.0,6.29629629631534e-05,6.29629629631534e-05
2010-07-09 14:30:00,48.022208547685004,0.44417571560480024,4.761904762090596e-06,0.008883514312096006,-0.4352874393879421,-0.4441709537000381
2010-07-09 15:00:00,48.00000082010582,2.380952380977297e-05,7.40740740748369e-06,4.7619047619545943e-07,-1.592592592609382e-05,-1.640211640228928e-05
2010-07-09 15:30:00,48.00000193121693,3.8624338624393406e-05,0.0,7.724867724878681e-07,-3.785185185190554e-05,-3.8624338624393406e-05
2010-07-09 16:00:00,47.921613626984126,1.0408340855860843e-17,1.5677274603174605,2.0816681711721684e-19,1.5677274603174605,1.5677274603174605
2010-07-09 16:30:00,47.906198518518515,0.0,1.8760296296296297,0.0,1.8760296296296297,1.8760296296296297
2010-07-09 17:00:00,47.81624174603174,0.0,3.675165079365079,0.0,3.675165079365079,3.675165079365079
2010-07-09 17:30:00,47.8625,0.0,2.75,0.0,2.75,2.75
2010-07-09 18:00:00,47.8596,0.0,2.8080000000000003,0.0,2.8080000000000003,2.8080000000000003
2010-07-09 18:30:00,47.9021,0.0,1.9580000000000002,0.0,1.9580000000000002,1.9580000000000002
2010-07-09 19:00:00,47.853085,0.0,2.9383000000000004,0.0,2.9383000000000004,2.9383000000000004
2010-07-09 19:30:00,47.8306,0.0,3.388,0.0,3.388,3.388
2010-07-09 20:00:00,47.881,0.0,2.38,0.0,2.38,2.38
2010-07-09 20:30:00,47.7044,0.0,5.912,0.0,5.912,5.912
2010-07-09 21:00:00,47.9001,0.0,1.998,0.0,1.998,1.998
2010-07-09 21:30:00,47.888,0.0,2.2399999999999998,0.0,2.2399999999999998,2.2399999999999998
2010-07-09 22:00:00,47.8609,0.0,2.782,0.0,2.782,2.782
2010-07-09 22:30:00,47.8646,0.0,2.708,0.0,2.708,2.708
2010-07-09 23:00:00,47.8611,0.0,2.778,0.0,2.778,2.778
2010-07-09 23:30:00,47.8486,0.0,3.028,0.0,3.028,3.028
2010-07-10 00:00:00,47.7196,0.0,5.608,0.0,5.608,5.608
2010-07-10 00:30:00,47.5249,0.0,9.502,0.0,9.502,9.502
2010-07-10 01:00:00,47.5439,0.0,9.122,0.0,9.122,9.122
2010-07-10 01:30:00,47.71061111111111,0.0,5.787777777777778,0.0,5.787777777777778,5.787777777777778
2010-07-10 02:00:00,47.7754,0.0,4.492,0.0,4.492,4.492
2010-07-10 02:30:00,47.873,0.0,2.54,0.0,2.54,2.54
2010-07-10 03:00:00,47.8098,0.0,3.804,0.0,3.804,3.804
2010-07-10 03:30:00,47.8318,0.0,3.3640000000000003,0.0,3.3640000000000003,3.3640000000000003
2010-07-10 04:00:00,47.8877,0.0,2.246,0.0,2.246,2.246
2010-07-10 04:30:00,47.8943,0.0,2.114,0.0,2.114,2.114
2010-07-10 05:00:00,47.9209,0.0,1.582,0.0,1.582,1.582
2010-07-10 05:30:00,47.8103,0.0,3.794,0.0,3.794,3.794
2010-07-10 06:00:00,47.9368,0.0,1.264,0.0,1.264,1.264
2010-07-10 06:30:00,47.9323,0.0,1.354,0.0,1.354,1.354
2010-07-10 07:00:00,47.943,0.0,1.1400000000000001,0.0,1.1400000000000001,1.1400000000000001
2010-07-10 07:30:00,47.64857619047619,0.0,7.028476190476191,0.0,7.028476190476191,7.028476190476191
2010-07-10 08:00:00,47.66147883597883,0.0,6.77042328042328,0.0,6.77042328042328,6.77042328042328
2010-07-10 08:30:00,47.686012698412696,0.0,6.279746031746032,0.0,6.279746031746032,6.279746031746032
2010-07-10 09:00:00,47.833475343915346,2.539682539684019e-05,3.3305185185185184,5.079365079368038e-07,3.3304936296296295,3.3304931216931215
2010-07-10 09:30:00,47.90910235449736,0.0,1.8179529100529104,0.0,1.8179529100529104,1.8179529100529104
2010-07-10 10:00:00,47.90007391534392,0.0,1.9985216931216927,0.0,1.9985216931216927,1.9985216931216927
2010-07-10 10:30:00,47.89232023809524,0.0,2.153595238095238,0.0,2.153595238095238,2.153595238095238
2010-07-10 11:00:00,47.8662962962963,1.1102230246251565e-16,2.674074074074074,2.220446049250313e-18,2.674074074074074,2.674074074074074
2010-07-10 11:30:00,47.95176201058201,0.0,0.9647597883597883,0.0,0.9647597883597883,0.9647597883597883
2010-07-10 12:00:00,47.91723380952381,9.523809523903637e-06,1.6553333333333335,1.9047619047807275e-07,1.655324,1.6553238095238096
2010-07-10 12:30:00,47.911908756613755,2.698412698409758e-05,1.7618518518518518,5.396825396819516e-07,1.7618254074074073,1.7618248677248678
2010-07-10 13:00:00,47.923368174603176,3.015873015876913e-05,1.5326666666666666,6.031746031753826e-07,1.532637111111111,1.5326365079365079
2010-07-10 13:30:00,47.89316375661376,1.5873015873357765e-05,2.1367407407407413,3.174603174671553e-07,2.136725185185185,2.136724867724868
2010-07-10 14:00:00,47.93738322751323,3.492063492072095e-05,1.2523703703703704,6.98412698414419e-07,1.252336148148148,1.2523354497354497
2010-07-10 14:30:00,48.00000238095238,4.7619047619129606e-05,5.551115123125783e-17,9.523809523825921e-07,-4.66666666666915e-05,-4.7619047619074095e-05
2010-07-10 15:00:00,47.990169142791004,1.2698412698464168e-05,0.1966298425925903,2.5396825396928337e-07,0.19661739814814583,0.19661714417989185
2010-07-10 15:30:00,47.99371947089947,1.904761904764074e-05,0.12562962962962965,3.809523809528148e-07,0.12561096296296295,0.125610582010582
2010-07-10 16:00:00,47.99162732804233,2.7755575615628914e-17,0.16745343915343935,5.551115123125783e-19,0.16745343915343933,0.16745343915343933
2010-07-10 16:30:00,47.982738994708996,0.0,0.3452201058201058,0.0,0.3452201058201058,0.3452201058201058
2010-07-10 17:00:00,47.975701746031746,3.4920634920623805e-05,0.486,6.984126984124761e-07,0.4859657777777778,0.4859650793650794
2010-07-10 17:30:00,47.9260429625,0.0,1.4791407499999987,0.0,1.4791407499999987,1.4791407499999987
2010-07-10 18:00:00,47.8402,0.0,3.196,0.0,3.196,3.196
2010-07-10 18:30:00,47.8466,0.0,3.0679999999999996,0.0,3.0679999999999996,3.0679999999999996
2010-07-10 19:00:00,47.9156,0.0,1.688,0.0,1.688,1.688
2010-07-10 19:30:00,47.8461,0.0,3.078,0.0,3.078,3.078
2010-07-10 20:00:00,47.8857,0.0,2.286,0.0,2.286,2.286
2010-07-10 20:30:00,47.717,0.0,5.659999999999999,0.0,5.659999999999999,5.659999999999999
2010-07-10 21:00:00,47.8241,0.0,3.518,0.0,3.518,3.518
2010-07-10 21:30:00,47.8213,0.0,3.574,0.0,3.574,3.574
2010-07-10 22:00:00,47.9301,0.0,1.398,0.0,1.398,1.398
2010-07-10 22:30:00,47.9602,0.0,0.796,0.0,0.796,0.796
2010-07-10 23:00:00,47.9717,0.0,0.5660000000000001,0.0,0.5660000000000001,0.5660000000000001
2010-07-10 23:30:00,47.95311111111111,0.0,0.9377777777777778,0.0,0.9377777777777778,0.9377777777777778
2010-07-11 00:00:00,47.8619,0.0,2.762,0.0,2.762,2.762
2010-07-11 00:30:00,47.6547,0.0,6.906,0.0,6.906,6.906
2010-07-11 01:00:00,47.633265,0.0,7.3347,0.0,7.3347,7.3347
2010-07-11 01:30:00,47.8591,0.0,2.8179999999999996,0.0,2.8179999999999996,2.8179999999999996
2010-07-11 02:00:00,47.8369,0.0,3.262,0.0,3.262,3.262
2010-07-11 02:30:00,47.8251,0.0,3.4979999999999998,0.0,3.4979999999999998,3.4979999999999998
2010-07-11 03:00:00,47.9184,0.0,1.632,0.0,1.632,1.632
2010-07-11 03:30:00,47.9227,0.0,1.546,0.0,1.546,1.546
2010-07-11 04:00:00,47.8298,0.0,3.404,0.0,3.404,3.404
2010-07-11 04:30:00,47.9201,0.0,1.598,0.0,1.598,1.598
2010-07-11 05:00:00,47.9445,0.0,1.11,0.0,1.11,1.11
2010-07-11 05:30:00,47.9751,0.0,0.498,0.0,0.498,0.498
2010-07-11 06:00:00,47.9761,0.0,0.478,0.0,0.478,0.478
2010-07-11 06:30:00,47.9764,0.0,0.472,0.0,0.472,0.472
2010-07-11 07:00:00,47.9683,0.0,0.634,0.0,0.634,0.634
2010-07-11 07:30:00,47.8842,0.0,2.3160000000000003,0.0,2.3160000000000003,2.3160000000000003
2010-07-11 08:00:00,47.76347883597884,0.0,4.73042328042328,0.0,4.73042328042328,4.73042328042328
2010-07-11 08:30:00,47.9173037037037,0.0,1.6539259259259258,0.0,1.6539259259259258,1.6539259259259258
2010-07-11 09:00:00,47.74786507936508,2.7755575615628914e-17,5.042698412698413,5.551115123125783e-19,5.042698412698413,5.042698412698413
2010-07-11 09:30:00,47.74999865079365,0.0,5.000026984126984,0.0,5.000026984126984,5.000026984126984
2010-07-11 10:00:00,47.75395735449735,5.551115123125783e-17,4.920852910052911,1.1102230246251566e-18,4.920852910052911,4.920852910052911
2010-07-11 10:30:00,47.84371552910053,1.4285714285744433e-05,3.125703703703704,2.857142857148887e-07,3.1256897037037037,3.125689417989418
2010-07-11 11:00:00,47.85833751322751,9.523809523903637e-06,2.8332592592592594,1.9047619047807275e-07,2.833249925925926,2.8332497354497352
2010-07-11 11:30:00,47.85558203703704,2.7755575615628914e-17,2.888359259259259,5.551115123125783e-19,2.888359259259259,2.888359259259259
2010-07-11 12:00:00,47.83589574074074,2.7755575615628914e-17,3.2820851851851853,5.551115123125783e-19,3.2820851851851853,3.2820851851851853
2010-07-11 12:30:00,47.75000087301587,1.7460317460554764e-05,5.0,3.492063492110953e-07,4.999982888888889,4.99998253968254
2010-07-11 13:00:00,47.88478502645503,0.0,2.304299470899471,0.0,2.304299470899471,2.304299470899471
2010-07-11 13:30:00,47.89102034391534,3.650793650789019e-05,2.1796296296296296,7.301587301578038e-07,2.179593851851852,2.179593121693122
2010-07-11 14:00:00,47.87472719576719,2.5396825396817313e-05,2.5054814814814814,5.079365079363462e-07,2.5054565925925925,2.5054560846560845
2010-07-11 14:30:00,47.971426904761906,0.0,0.5714619047619046,0.0,0.5714619047619046,0.5714619047619046
2010-07-11 15:00:00,47.92450370370371,0.0,1.509925925925926,0.0,1.509925925925926,1.509925925925926
2010-07-11 15:30:00,47.91281317460317,0.0,1.743736507936508,0.0,1.743736507936508,1.743736507936508
2010-07-11 16:00:00,47.5895058771164,0.0,8.209882457671958,0.0,8.209882457671958,8.209882457671958
2010-07-11 16:30:00,47.71312328042328,0.0,5.737534391534392,0.0,5.737534391534392,5.737534391534392
2010-07-11 17:00:00,47.76667619047619,0.0,4.666476190476191,0.0,4.666476190476191,4.666476190476191
2010-07-11 17:30:00,47.7522,0.0,4.956,0.0,4.956,4.956
2010-07-11 18:00:00,47.7558,0.0,4.8839999999999995,0.0,4.8839999999999995,4.8839999999999995
2010-07-11 18:30:00,47.716,0.0,5.68,0.0,5.68,5.68
2010-07-11 19:00:00,47.7943,0.0,4.114,0.0,4.114,4.114
2010-07-11 19:30:00,47.824,0.0,3.5199999999999996,0.0,3.5199999999999996,3.5199999999999996
2010-07-11 20:00:00,47.8591,0.0,2.818,0.0,2.818,2.818
2010-07-11 20:30:00,47.8445,0.0,3.1100000000000003,0.0,3.1100000000000003,3.1100000000000003
2010-07-11 21:00:00,47.8502,0.0,2.996,0.0,2.996,2.996
2010-07-11 21:30:00,47.8337,0.0,3.326,0.0,3.326,3.326
2010-07-11 22:00:00,47.8545,0.0,2.91,0.0,2.91,2.91
2010-07-11 22:30:00,47.9061,0.0,1.878,0.0,1.878,1.878
2010-07-11 23:00:00,47.9245,0.0,1.51,0.0,1.51,1.51
2010-07-11 23:30:00,47.7883,0.0,4.234,0.0,4.234,4.234
2010-07-12 00:00:00,47.815,0.0,3.7,0.0,3.7,3.7
2010-07-12 00:30:00,47.6373,0.0,7.254,0.0,7.254,7.254
2010-07-12 01:00:00,47.8337,0.0,3.326,0.0,3.326,3.326
2010-07-12 01:30:00,47.8494,0.0,3.012,0.0,3.012,3.012
2010-07-12 02:00:00,47.9211,0.0,1.5779999999999998,0.0,1.5779999999999998,1.5779999999999998
2010-07-12 02:30:00,47.8996,0.0,2.008,0.0,2.008,2.008
2010-07-12 03:00:00,47.8642,0.0,2.716,0.0,2.716,2.716
2010-07-12 03:30:00,47.967,0.0,0.66,0.0,0.66,0.66
2010-07-12 04:00:00,47.8728,0.0,2.544,0.0,2.544,2.544
2010-07-12 04:30:00,47.9751,0.0,0.498,0.0,0.498,0.498
2010-07-12 05:00:00,47.8701,0.0,2.598,0.0,2.598,2.598
2010-07-12 05:30:00,47.9488,0.0,1.024,0.0,1.024,1.024
2010-07-12 06:00:00,47.9749,0.0,0.502,0.0,0.502,0.502
2010-07-12 06:30:00,47.9757,0.0,0.486,0.0,0.486,0.486
2010-07-12 07:00:00,47.9623,0.0,0.754,0.0,0.754,0.754
2010-07-12 07:30:00,47.66373174603174,0.0,6.725365079365079,0.0,6.725365079365079,6.725365079365079
2010-07-12 08:00:00,47.66409947089947,0.0,6.718010582010582,0.0,6.718010582010582,6.718010582010582
2010-07-12 08:30:00,47.89585957539683,0.0,2.0828084920634877,0.0,2.0828084920634877,2.0828084920634877
2010-07-12 09:00:00,47.93752193121693,2.5925925925887605e-05,1.2495873015873016,5.185185185177521e-07,1.2495618941798943,1.2495613756613757
2010-07-12 09:30:00,47.89531838624339,1.8518518518528815e-05,2.0936507936507938,3.703703703705763e-07,2.0936326455026455,2.093632275132275
2010-07-12 10:00:00,47.925571878306876,4.07407407407856e-05,1.4886031746031745,8.14814814815712e-07,1.4885632486772484,1.4885624338624337
2010-07-12 10:30:00,47.98266481481482,1.1102230246251565e-16,0.3467037037037036,2.220446049250313e-18,0.3467037037037035,0.3467037037037035
2010-07-12 11:00:00,47.99087740740741,1.1102230246251565e-16,0.18245185185185192,2.220446049250313e-18,0.1824518518518518,0.1824518518518518
2010-07-12 11:30:00,47.93337759259259,0.0,1.3324481481481483,0.0,1.3324481481481483,1.3324481481481483
2010-07-12 12:00:00,47.89620605820106,2.5925925925901483e-05,2.075904761904762,5.185185185180297e-07,2.0758793544973546,2.075878835978836
2010-07-12 12:30:00,47.891972275132275,0.0,2.1605544973544974,0.0,2.1605544973544974,2.1605544973544974
2010-07-12 13:00:00,47.87543333333333,5.551115123125783e-17,2.4913333333333334,1.1102230246251566e-18,2.4913333333333334,2.4913333333333334
2010-07-12 13:30:00,47.941501296296295,2.592592592592924e-05,1.1700000000000002,5.185185185185847e-07,1.1699745925925928,1.1699740740740743
2010-07-12 14:00:00,47.89478775132275,4.0740740740743964e-05,2.104285714285714,8.148148148148793e-07,2.1042457883597883,2.1042449735449735
2010-07-12 14:30:00,47.874740634920634,0.0,2.5051873015873016,0.0,2.5051873015873016,2.5051873015873016
2010-07-12 15:00:00,47.99079497354497,0.0,0.1841005291005291,0.0,0.1841005291005291,0.1841005291005291
2010-07-12 15:30:00,47.991898862433864,4.074074074071968e-05,0.16206349206349202,8.148148148143936e-07,0.1620235661375661,0.1620227513227513
2010-07-12 16:00:00,47.987505502645504,1.4814814814800847e-05,0.2499047619047619,2.9629629629601693e-07,0.2498902433862434,0.2498899470899471
2010-07-12 16:30:00,47.99821121693122,0.0,0.03577566137566135,0.0,0.03577566137566135,0.03577566137566135
2010-07-12 17:00:00,47.9878,0.0,0.244,0.0,0.244,0.244
2010-07-12 17:30:00,47.916,0.0,1.68,0.0,1.68,1.68
2010-07-12 18:00:00,47.9023,0.0,1.954,0.0,1.954,1.954
2010-07-12 18:30:00,47.9386,0.0,1.228,0.0,1.228,1.228
2010-07-12 19:00:00,47.789775,0.0,4.2045,0.0,4.2045,4.2045
2010-07-12 19:30:00,47.7252,0.0,5.496,0.0,5.496,5.496
2010-07-12 20:00:00,47.7333,0.0,5.334,0.0,5.334,5.334
2010-07-12 20:30:00,47.6249,0.0,7.502,0.0,7.502,7.502
2010-07-12 21:00:00,47.5593,0.0,8.814,0.0,8.814,8.814
2010-07-12 21:30:00,47.7432,0.0,5.136,0.0,5.136,5.136
2010-07-12 22:00:00,47.7468,0.0,5.064,0.0,5.064,5.064
2010-07-12 22:30:00,47.7517,0.0,4.966,0.0,4.966,4.966
2010-07-12 23:00:00,47.7461,0.0,5.077999999999999,0.0,5.077999999999999,5.077999999999999
2010-07-12 23:30:00,47.846,0.0,3.08,0.0,3.08,3.08
2010-07-13 00:00:00,47.72957,0.0,5.408600000000001,0.0,5.408600000000001,5.408600000000001
2010-07-13 00:30:00,47.4846,0.0,10.308,0.0,10.308,10.308
2010-07-13 01:00:00,47.6444,0.0,7.112,0.0,7.112,7.112
2010-07-13 01:30:00,47.7364,0.0,5.272,0.0,5.272,5.272
2010-07-13 02:00:00,47.8587,0.0,2.8259999999999996,0.0,2.8259999999999996,2.8259999999999996
2010-07-13 02:30:00,47.8602,0.0,2.7960000000000003,0.0,2.7960000000000003,2.7960000000000003
2010-07-13 03:00:00,47.6732,0.0,6.5360000000000005,0.0,6.5360000000000005,6.5360000000000005
2010-07-13 03:30:00,47.8644,0.0,2.7119999999999997,0.0,2.7119999999999997,2.7119999999999997
2010-07-13 04:00:00,47.8841,0.0,2.318,0.0,2.318,2.318
2010-07-13 04:30:00,47.8377,0.0,3.246,0.0,3.246,3.246
2010-07-13 05:00:00,47.894,0.0,2.12,0.0,2.12,2.12
2010-07-13 05:30:00,47.9345,0.0,1.31,0.0,1.31,1.31
2010-07-13 06:00:00,47.9373,0.0,1.254,0.0,1.254,1.254
2010-07-13 06:30:00,47.9388,0.0,1.224,0.0,1.224,1.224
2010-07-13 07:00:00,47.9311,0.0,1.378,0.0,1.378,1.378
2010-07-13 07:30:00,47.85047619047619,0.0,2.9904761904761905,0.0,2.9904761904761905,2.9904761904761905
2010-07-13 08:00:00,47.78577142857143,0.0,4.284571428571429,0.0,4.284571428571429,4.284571428571429
2010-07-13 08:30:00,47.79535343915344,0.0,4.092931216931217,0.0,4.092931216931217,4.092931216931217
2010-07-13 09:00:00,47.76664656084656,0.0,4.667068783068783,0.0,4.667068783068783,4.667068783068783
2010-07-13 09:30:00,47.76523968253968,0.0,4.69520634920635,0.0,4.69520634920635,4.69520634920635
2010-07-13 10:00:00,47.889985714285714,0.0,2.2002857142857146,0.0,2.2002857142857146,2.2002857142857146
2010-07-13 10:30:00,47.724515873015875,1.1102230246251565e-16,5.50968253968254,2.220446049250313e-18,5.50968253968254,5.50968253968254
2010-07-13 11:00:00,47.686685714285716,5.551115123125783e-17,6.266285714285715,1.1102230246251566e-18,6.266285714285715,6.266285714285715
2010-07-13 11:30:00,47.675712698412696,1.1102230246251565e-16,6.485746031746032,2.220446049250313e-18,6.485746031746032,6.485746031746032
2010-07-13 12:00:00,47.969298412698414,0.0,0.6140317460317459,0.0,0.6140317460317459,0.6140317460317459
2010-07-13 12:30:00,47.95014074074074,1.1102230246251565e-16,0.9971851851851853,2.220446049250313e-18,0.9971851851851852,0.9971851851851852
2010-07-13 13:00:00,47.87142380952381,0.0,2.5715238095238098,0.0,2.5715238095238098,2.5715238095238098
2010-07-13 13:30:00,47.97790952380952,0.0,0.4418095238095238,0.0,0.4418095238095238,0.4418095238095238
2010-07-13 14:00:00,47.92254126984127,0.0,1.5491746031746032,0.0,1.5491746031746032,1.5491746031746032
2010-07-13 14:30:00,47.925579841269844,5.551115123125783e-17,1.488403174603175,1.1102230246251566e-18,1.488403174603175,1.488403174603175
2010-07-13 15:00:00,47.91464333333333,4.163336342344337e-17,1.7071333333333332,8.326672684688674e-19,1.7071333333333332,1.7071333333333332
2010-07-13 15:30:00,47.91344407407407,0.0,1.7311185185185187,0.0,1.7311185185185187,1.7311185185185187
2010-07-13 16:00:00,47.87312328042328,0.0,2.5375343915343915,0.0,2.5375343915343915,2.5375343915343915
2010-07-13 16:30:00,47.81637619047619,0.0,3.672476190476191,0.0,3.672476190476191,3.672476190476191
2010-07-13 17:00:00,47.7276,0.0,5.448,0.0,5.448,5.448
2010-07-13 17:30:00,47.6566,0.0,6.868,0.0,6.868,6.868
2010-07-13 18:00:00,47.7267,0.0,5.466,0.0,5.466,5.466
2010-07-13 18:30:00,47.8442,0.0,3.1159999999999997,0.0,3.1159999999999997,3.1159999999999997
2010-07-13 19:00:00,47.9322,0.0,1.3559999999999999,0.0,1.3559999999999999,1.3559999999999999
2010-07-13 19:30:00,47.93739425,0.0,1.2521149999999996,0.0,1.2521149999999996,1.2521149999999996
2010-07-13 20:00:00,47.9408,0.0,1.184,0.0,1.184,1.184
2010-07-13 20:30:00,47.7806,0.0,4.388,0.0,4.388,4.388
2010-07-13 21:00:00,47.8768,0.0,2.464,0.0,2.464,2.464
2010-07-13 21:30:00,47.8556,0.0,2.8880000000000003,0.0,2.8880000000000003,2.8880000000000003
2010-07-13 22:00:00,47.8463,0.0,3.074,0.0,3.074,3.074
2010-07-13 22:30:00,47.8931,0.0,2.138,0.0,2.138,2.138
2010-07-13 23:00:00,47.905,0.0,1.9,0.0,1.9,1.9
2010-07-13 23:30:00,47.9735,0.0,0.53,0.0,0.53,0.53
2010-07-14 00:00:00,47.8286,0.0,3.428,0.0,3.428,3.428
2010-07-14 00:30:00,47.64731111111111,0.0,7.0537777777777775,0.0,7.0537777777777775,7.0537777777777775
2010-07-14 01:00:00,47.643,0.0,7.14,0.0,7.14,7.14
2010-07-14 01:30:00,47.7533,0.0,4.934,0.0,4.934,4.934
2010-07-14 02:00:00,47.9627,0.0,0.746,0.0,0.746,0.746
2010-07-14 02:30:00,47.8662,0.0,2.6759999999999997,0.0,2.6759999999999997,2.6759999999999997
2010-07-14 03:00:00,47.9301,0.0,1.3980000000000001,0.0,1.3980000000000001,1.3980000000000001
2010-07-14 03:30:00,47.9686,0.0,0.628,0.0,0.628,0.628
2010-07-14 04:00:00,47.9215,0.0,1.57,0.0,1.57,1.57
2010-07-14 04:30:00,47.8191,0.0,3.6180000000000003,0.0,3.6180000000000003,3.6180000000000003
2010-07-14 05:00:00,47.9433,0.0,1.1340000000000001,0.0,1.1340000000000001,1.1340000000000001
2010-07-14 05:30:00,47.9765,0.0,0.47000000000000003,0.0,0.47000000000000003,0.47000000000000003
2010-07-14 06:00:00,47.9732,0.0,0.536,0.0,0.536,0.536
2010-07-14 06:30:00,47.9654,0.0,0.692,0.0,0.692,0.692
2010-07-14 07:00:00,47.927,0.0,1.46,0.0,1.46,1.46
2010-07-14 07:30:00,47.7606,0.0,4.788,0.0,4.788,4.788
2010-07-14 08:00:00,47.71617619047619,0.0,5.6764761904761905,0.0,5.6764761904761905,5.6764761904761905
2010-07-14 08:30:00,47.808907936507936,0.0,3.8218412698412703,0.0,3.8218412698412703,3.8218412698412703
2010-07-14 09:00:00,47.74739682539683,0.0,5.052063492063492,0.0,5.052063492063492,5.052063492063492
2010-07-14 09:30:00,47.883853888888886,2.7755575615628914e-17,2.322922222222222,5.551115123125783e-19,2.322922222222222,2.322922222222222
2010-07-14 10:00:00,47.99999912698413,1.587301587313572e-05,3.333333333321864e-05,3.1746031746271443e-07,1.7777777777545632e-05,1.746031746008292e-05
2010-07-14 10:30:00,48.000001164021164,2.962962962937965e-05,6.349206349481884e-06,5.92592592587593e-07,-2.2687830687310172e-05,-2.3280423279897766e-05
2010-07-14 11:00:00,48.00340023809524,0.06802222222222232,1.7460317460360475e-05,0.0013604444444444465,-0.06664431746031751,-0.06800476190476196
2010-07-14 11:30:00,48.00700023809524,0.14004444444444464,3.968253968278379e-05,0.0028008888888888927,-0.13720387301587297,-0.14000476190476185
2010-07-14 12:00:00,48.05199978835979,1.0399957671957663,0.0,0.020799915343915325,-1.019195851851851,-1.0399957671957663
2010-07-14 12:30:00,48.138437821087805,2.7687564217561436,0.0,0.05537512843512287,-2.713381293321021,-2.7687564217561436
2010-07-14 13:00:00,48.19009013227513,3.801851851851852,4.920634920624334e-05,0.07603703703703704,-3.7257656084656086,-3.8018026455026455
2010-07-14 13:30:00,48.16153555555555,3.2307111111111113,0.0,0.06461422222222223,-3.166096888888889,-3.2307111111111113
2010-07-14 14:00:00,48.15848251322751,3.1696502645502647,0.0,0.06339300529100529,-3.106257259259259,-3.1696502645502647
2010-07-14 14:30:00,48.13100148148148,2.6200740740740738,4.444444444440254e-05,0.05240148148148148,-2.567628148148148,-2.6200296296296295
2010-07-14 15:00:00,48.0706894973545,1.6205185185185185,0.2067285714285716,0.03241037037037037,-1.3813795767195765,-1.4137899470899469
2010-07-14 15:30:00,48.000543386243386,1.486074074074074,1.475206349206349,0.029721481481481484,0.018853756613756323,-0.010867724867725137
2010-07-14 16:00:00,47.92183439153439,0.665925925925926,2.2292380952380952,0.013318518518518521,1.5766306878306877,1.5633121693121692
2010-07-14 16:30:00,47.971144074074076,0.0,0.5771185185185186,0.0,0.5771185185185186,0.5771185185185186
2010-07-14 17:00:00,47.979976190476194,1.3877787807814457e-17,0.40047619047619043,2.7755575615628914e-19,0.40047619047619043,0.40047619047619043
2010-07-14 17:30:00,47.8503,0.0,2.994,0.0,2.994,2.994
2010-07-14 18:00:00,47.8579,0.0,2.8419999999999996,0.0,2.8419999999999996,2.8419999999999996
2010-07-14 18:30:00,47.81523,0.0,3.6954000000000002,0.0,3.6954000000000002,3.6954000000000002
2010-07-14 19:00:00,47.7172,0.0,5.656,0.0,5.656,5.656
2010-07-14 19:30:00,47.784,0.0,4.32,0.0,4.32,4.32
2010-07-14 20:00:00,47.80079905,0.0,3.9840189999999938,0.0,3.9840189999999938,3.9840189999999938
2010-07-14 20:30:00,47.6659,0.0,6.6819999999999995,0.0,6.6819999999999995,6.6819999999999995
2010-07-14 21:00:00,47.857,0.0,2.86,0.0,2.86,2.86
2010-07-14 21:30:00,47.8381,0.0,3.238,0.0,3.238,3.238
2010-07-14 22:00:00,47.832,0.0,3.36,0.0,3.36,3.36
2010-07-14 22:30:00,47.8272,0.0,3.456,0.0,3.456,3.456
2010-07-14 23:00:00,47.8968,0.0,2.064,0.0,2.064,2.064
2010-07-14 23:30:00,47.9521,0.0,0.9580000000000001,0.0,0.9580000000000001,0.9580000000000001
2010-07-15 00:00:00,47.8289,0.0,3.4219999999999997,0.0,3.4219999999999997,3.4219999999999997
